ihr,m
1.3728987238181,-0.00818421676932925
1.35746551572431,-0.0199381587031617
1.37013725470238,-0.0113941659921651
1.40016603103338,0.00966100932557869
1.42183926180439,0.0246754016305812
1.4169644112196,0.0205577455891446
1.39057572045494,0.000966280177878485
1.36500449066788,-0.0180064485782694
1.35863730283222,-0.0231414702021033
1.37056909617958,-0.0151122678419864
1.38549467639586,-0.00493234305700921
1.39190815119812,-0.000863539833814907
1.39356481676803,-0.000201180661957271
1.4027636623291,0.00587985568616522
1.42428952647234,0.0208012069016757
1.44848690257729,0.0376337127313962
1.4609161711621,0.0460366291786217
1.45733000861825,0.0429830456300499
1.44725608406472,0.0353048998160006
1.44281537636159,0.0316755312164366
1.44598508396539,0.0335029712297262
1.44867754685886,0.0350024428437693
1.44491790874554,0.031907654739816
1.44046343745993,0.0283342278297262
1.44810300720057,0.0334092820793984
1.47312802019009,0.0508984989218052
1.5048358102621,0.0731572518782907
1.52394568181068,0.086436468906344
1.51918708556094,0.0827130716310013
1.4968674976939,0.0664965388489916
1.47439969205707,0.0501999948039009
1.46443250214554,0.0428300870792204
1.46450613793385,0.0426283439029557
1.4609648342274,0.0398697536765433
1.44255472005399,0.0265474577939146
1.41134993939544,0.00414324797110268
1.38206868021361,-0.0168688370818506
1.37087559035521,-0.0249938278749778
1.38271675458804,-0.0167213685046977
1.40676546677298,0.000243308202371394
1.42332468359275,0.0118939369044637
1.41727313137813,0.00748374723323371
1.38841211173825,-0.0131236476547177
1.35117142938346,-0.0396689466072277
1.32386955238916,-0.059133203069443
1.31556209213295,-0.0650832698888871
1.32034485007766,-0.0617172463670326
1.32317985516759,-0.0597223697245873
1.31245646615019,-0.0673492802774937
1.28957658645649,-0.0836019840612181
1.26842882278995,-0.0986117195804254
1.26527616799147,-0.10082170781011
1.28649316388118,-0.0857005109497667
1.32307411882332,-0.0596458200636099
1.35613919652811,-0.0360742450431032
1.36986603664869,-0.0262327963648777
1.36251161973418,-0.03136389970425
1.3469245627476,-0.0423369609547342
1.33968301234306,-0.0473659189993665
1.34748788062218,-0.0416831900635371
1.36254928500781,-0.0308250779209721
1.37141667437866,-0.0243577667259149
1.36937353836834,-0.0256392078789913
1.36654082740601,-0.0274708158441551
1.3789681861277,-0.0184286386860185
1.41246326505364,0.00562904850611076
1.45473323964163,0.0359586477658099
1.48414298578944,0.0571547902552331
1.4875042164688,0.0598152666932239
1.47043342189675,0.0479288128028171
1.45095082556025,0.0343293693881741
1.44304707169933,0.0289912326172825
1.44598005180397,0.0313919289287928
1.4485876084746,0.0335741647509475
1.44307409881667,0.0299736823235623
1.43428170189326,0.0240418216381718
1.43574033757921,0.0254392921377457
1.45655018223535,0.0406755411578001
1.49114248781697,0.065785618298168
1.52088627584633,0.0874597160074286
1.52636515407459,0.0918059370826261
1.50083633143886,0.0739787519002923
1.4548271038552,0.0414868271340747
1.40858352220098,0.00881064927054449
1.37802545344365,-0.012644670253684
1.36473240605409,-0.02173312334586
1.35755168863404,-0.0264367880249727
1.34429877906255,-0.0354922127892814
1.32361500161397,-0.0498812880387564
1.30671470687513,-0.0615584953516824
1.3074784130899,-0.0605470254469252
1.32971836525756,-0.0440878222983292
1.36294034002238,-0.0197055165773916
1.3901402436018,0.000375721928011264
1.40045387138167,0.00832706570552797
1.39577283370599,0.00549186270663816
1.38662697443875,-0.000557962421861135
1.38222473907276,-0.00318732580531689
1.38366448502909,-0.00159856238296958
1.38520891306332,7.27683826205683e-05
1.38106671619564,-0.00235709549481185
1.37119482423725,-0.00892670217753079
1.36165897830291,-0.0152569449949022
1.36009180392374,-0.0158249272899348
1.37024591614408,-0.00790421201529466
1.38948668701948,0.00661082887358125
1.41042486625814,0.022375006676962
1.4251412360623,0.0336462781675346
1.42924401786128,0.0372290434637904
1.42357186095818,0.0337182054899584
1.41298307753379,0.0266306102482762
1.40330295552176,0.0201943515540368
1.39829274190088,0.0171460160816392
1.39818789458226,0.017662347816164
1.40030166959213,0.0197923168834256
1.40109376364044,0.0209583443227033
1.39850096212806,0.0196538461080008
1.3933543368661,0.0164802648224477
1.38919585392382,0.0140192444490056
1.39051012909214,0.0155467329608534
1.40009985177148,0.023116859343232
1.41684938895494,0.0359232327585934
1.43517479209925,0.0498886992810322
1.44683222338913,0.0589803046421333
1.4445486672659,0.0578633075267022
1.42573376544854,0.0446231536478722
1.39415953464006,0.0220060125389438
1.35841546678632,-0.00370247716977818
1.32776314704061,-0.0257106493305763
1.30763209374212,-0.0400269091671759
1.29735932495087,-0.0471272230531279
1.29156764169137,-0.0509529388257461
1.28441430948909,-0.0557950536347209
1.27403135012692,-0.063028914883956
1.26406694900967,-0.0699735615191487
1.26092286883265,-0.0719167992343659
1.26835689817064,-0.0660859822709089
1.28351274828522,-0.0545766356643182
1.29794456186259,-0.0436066242587754
1.30351191425679,-0.0391776433575991
1.29874206660608,-0.0423827559341684
1.29022824580919,-0.0483665283673441
1.2874075088801,-0.0501689455437953
1.29481715721279,-0.0444379639839245
1.3084871107311,-0.0340984338398861
1.31975325531058,-0.0255446799719405
1.32320285136031,-0.0227760392926583
1.3216881216653,-0.0236898107460903
1.32398977350736,-0.0218009378904086
1.33737386403611,-0.0117386650166246
1.36172774257419,0.00641749475252928
1.39011360473741,0.0275421526187787
1.41445916236077,0.0456678636480731
1.43071998193628,0.0578023316020386
1.43922911581042,0.0641892972480916
1.44126569665449,0.0657728079221905
1.43650116950994,0.0623088280337205
1.42431380879093,0.0533369818117285
1.40705591289302,0.0405968399489871
1.39067534483395,0.0284877131982922
1.38072473434914,0.0211168005284639
1.37711215262702,0.0184164600331068
1.37324905386222,0.0155143694070059
1.36167208236983,0.00689206267670218
1.34188629515989,-0.00781478603777196
1.32325866532189,-0.0216786293475545
1.31940996330545,-0.0246297369818401
1.33771694020488,-0.0112187473954006
1.37200507823722,0.0139845629336457
1.40450525067356,0.0378440516184075
1.41638702372095,0.0464473091772669
1.3999104409395,0.0340845799299574
1.36386850121512,0.00726209693700756
1.32827833632539,-0.0192299893932652
1.31142989480474,-0.0318886940144603
1.31789954401223,-0.0273450714950385
1.33609859418696,-0.0141620538417266
1.34758607295897,-0.0059494523124288
1.34156250909381,-0.0106674076575662
1.32339914451152,-0.0243448384758494
1.31020821315093,-0.0343612573432297
1.31682186190049,-0.0297912995100716
1.34363369701379,-0.0103586492369922
1.37626261339742,0.0133331229444346
1.39689227093326,0.0281657331625493
1.39734796940038,0.0281334848299478
1.38322810596688,0.017370264420928
1.36697852492086,0.00503905305816441
1.35736152418873,-0.00241792351794345
1.35461349849051,-0.00483213866042619
1.35389367944105,-0.00576405041326558
1.35168952328684,-0.00779351596797778
1.34834272258586,-0.0106681110772515
1.34533496960303,-0.0132996922077744
1.34194703593827,-0.0162154865342403
1.33602808667219,-0.0209908458541752
1.32819862784583,-0.0271684116491924
1.32414175343278,-0.0305852329089223
1.33108220948456,-0.0259579365689718
1.35080474109847,-0.0119921765228891
1.37599453129589,0.00595117663390251
1.39431552942453,0.0188521828879468
1.39746288413349,0.0206526517008794
1.3874656459367,0.012850293996195
1.37473321216299,0.00305478189386483
1.36963891853725,-0.00116556617162658
1.37489918198012,0.00216111544749827
1.38478361893809,0.00884878621459327
1.39094186439328,0.0128121119073553
1.38934320705599,0.0111220424754457
1.38283266948577,0.00585705234752027
1.37818921617582,0.00195135096552328
1.38091972378216,0.00340442697221218
1.39192448890556,0.0108617538569966
1.40780416098927,0.0218464383623912
1.4235949933417,0.0327519112297036
1.43545173452464,0.0407903190443799
1.44162331460876,0.0446974480815202
1.44180486598863,0.0442593257332593
1.43615283115441,0.0395964326308335
1.42515736222435,0.0310704678506072
1.4104034233831,0.01983401479041
1.39505429250814,0.00817776089436595
1.38284189471905,-0.00120194377900186
1.37576083422035,-0.00686888530989084
1.37237873315668,-0.00986257010085624
1.36882366772883,-0.0129793171108203
1.36237127518297,-0.0181822034267191
1.35476594763134,-0.0242112215419351
1.3518271388925,-0.0268757188991554
1.35873761898333,-0.0224525558861677
1.37453537219015,-0.0116454258165239
1.39081845894715,-0.000503115852629433
1.39662798557905,0.00310276287675251
1.38622813320253,-0.00493227405762631
1.36368997759066,-0.0216676949386571
1.34043976446731,-0.038895880344925
1.32742363164113,-0.0487719366076311
1.32773617391039,-0.0490920926774625
1.33520602401273,-0.0442900511525057
1.33997905779313,-0.0414239363254908
1.33692438865609,-0.0441587862154854
1.33036977851009,-0.0493925707866092
1.33103628208734,-0.0494647222086555
1.34692222948413,-0.0386756164863392
1.37530234222878,-0.0189880831204411
1.40322886277584,0.000351973044357739
1.41741121537032,0.00987578966885321
1.41563415049955,0.00802297840488043
1.40909418020571,0.00278134026870871
1.41236306896261,0.004520707355709
1.4295609488147,0.0161574583344357
1.45012445683141,0.030169888534412
1.4591499315628,0.0359723305279648
1.45282136948858,0.0308714446775286
1.44348868735998,0.0236443321498331
1.4485615887549,0.0266334219002511
1.47354578331433,0.0437201836615494
1.50577554600807,0.0659134508630948
1.52496668358676,0.0788535848925002
1.5202125209108,0.074845537883174
1.49736167302169,0.0580523681543862
1.47118577411534,0.0389286268854923
1.45179917258015,0.0246168155901466
1.43884138520975,0.0148539124062896
1.42699705002411,0.00588478395490326
1.41438777858317,-0.00361534188380324
1.40411178864999,-0.0114643066526595
1.39869503369283,-0.0158879876196178
1.39568910340192,-0.0186144601451854
1.39056521976552,-0.0228294489241553
1.38356486335146,-0.0283606735252914
1.38174790728678,-0.0302509146416445
1.39252607284372,-0.0233087622212928
1.41477247612554,-0.0083411737776937
1.43712888414967,0.00667989081880573
1.44635073944951,0.0124824620707384
1.43848562138335,0.00631926535776092
1.42257403447694,-0.00546602187726939
1.41322410348416,-0.0126563600601355
1.41825436518737,-0.00980211757677654
1.43181978470845,-0.00100165719353503
1.43894344231502,0.0032903083875555
1.42825247908366,-0.00484146932056733
1.40297090415645,-0.0231267496241205
1.38081921502972,-0.0392143681841465
1.38150085035953,-0.0394083741754644
1.41064976885057,-0.0198272414582009
1.45338927386085,0.00915756765270487
1.48411171053506,0.0297576908154049
1.48569104831182,0.0301161677225362
1.46247514277199,0.0132888642879268
1.43596219230543,-0.00580238696309722
1.42687687056906,-0.0128139196547326
1.43903902560352,-0.00513117007582411
1.45821436899375,0.00737996063256857
1.46561569464824,0.0117395436137055
1.45373644818341,0.00278779231246609
1.43185368148347,-0.0130506563409912
1.41830899336632,-0.0231269353955578
1.42688774477418,-0.0179662467912003
1.4574869880867,0.00232597006786419
1.49661575565702,0.0284442541315444
1.52618449533482,0.0479539236584537
1.53440486349104,0.0527821163635761
1.52223912118651,0.043622872246301
1.50190169667877,0.0288766696667285
1.48851668316737,0.0189096679774389
1.49005032767615,0.0191598080531221
1.50203716249883,0.0265515610061227
1.51105740801768,0.0319040587156274
1.50503066034516,0.0269792506943408
1.48274693476595,0.0109768257160204
1.45465389297543,-0.00895870947354783
1.43365823308403,-0.0240313213313588
1.42381927645011,-0.0314907974560656
1.41764371036683,-0.0364477058719221
1.405150849793,-0.0456858828419203
1.38620212937126,-0.0592888745972234
1.37343364704938,-0.0686775546003408
1.38160364189791,-0.0638614935125825
1.41256217145879,-0.0436204256668856
1.45012180672486,-0.0189404739447519
1.47060460888266,-0.00583772232526214
1.46079172605825,-0.0132145829941985
1.42836536503683,-0.0358388229144433
1.39615924724449,-0.0582745716333243
1.38464121620807,-0.066726415446083
1.39626431646071,-0.0595723952071038
1.41397649125346,-0.0483224455705734
1.41552734918318,-0.0479495304105375
1.3927648930857,-0.0639091261549886
1.36019272076855,-0.0864258058062171
1.344702209345,-0.0974368190139182
1.36402408303454,-0.085072160840486
1.4120469124376,-0.0534737175537493
1.46393356253662,-0.0193154220452333
1.49624311114509,0.00170646742004714
1.50363222953513,0.00604268723392001
1.49796096918341,0.0016548424070431
1.49347645077701,-0.00192003113207331
1.49453486833627,-0.00177345582155986
1.4971585524488,-0.000566561605306827
1.49953263864024,0.000488498516400702
1.50761523230529,0.00536559589436747
1.52920236443705,0.0192557015905981
1.5635643274694,0.0416602824314381
1.59860727600338,0.0645152220965105
1.6192578274414,0.0777883668093285
1.61935729518647,0.0773958138247527
1.60632646510642,0.0682903215325343
1.59487933766262,0.0602638989654718
1.59560738996385,0.0603534048014416
1.6080905263377,0.0682706995523867
1.62376079272723,0.0783179596283208
1.6350522627498,0.0854706172502926
1.64190646565585,0.0896928351279326
1.64966304987658,0.0945300418782598
1.66125503251985,0.10192718622592
1.67252047747734,0.109122302323879
1.67600975645211,0.111176497548256
1.6694690155498,0.10659909664188
1.65991950229194,0.100046807394779
1.65827293397804,0.0987499836305221
1.6687215416955,0.105482311241443
1.68298974039046,0.114757859542888
1.68617691620596,0.116706931394068
1.67022682878609,0.105997434283823
1.64232409909492,0.0873902909540325
1.61870050050949,0.0716329653481873
1.60887414065539,0.0650239942203751
1.60669343861307,0.0634879984426978
1.598280570853,0.0578377327226466
1.57790298605699,0.0442794071481671
1.55315512731872,0.027839411127822
1.53382669961771,0.0149954340794931
1.51951762727694,0.00548123195499395
1.50267503839952,-0.00570210458442133
1.48264023987986,-0.0189910375464946
1.46966576768899,-0.0276026271669583
1.46977695198099,-0.0275514131070617
1.46900626548383,-0.0280796914472608
1.44210924420046,-0.0458898641952425
1.38298531307668,-0.0850179109986077
1.32322812354255,-0.124561660916181
1.31182408633819,-0.132112941019473
1.37050548227704,-0.0932951185396977
